transaction_id,timestamp,type,asset,quantity,price_usd,fee,note
USR-329,2024-01-01T16:51:36Z,SELL,SOL,42.64,88.11,0.05805461,
USR-370,2024-01-02T19:31:17Z,BUY,DOT,13.3952,10.2,0.01830407,Limit order filled
USR-304,2024-01-02T23:18:24Z,TRANSFER_OUT,AVAX,19.4407,,0.02548159,Sent to hardware wallet
USR-436,2024-01-03T01:01:32Z,EARN,SOL,47.3947,,0.06630214,Staking yield
USR-473,2024-01-03T01:20:54Z,BUY,ADA,3593.27,0.88,1.2234468,Limit order filled
USR-146,2024-01-05T03:37:36Z,TRANSFER_OUT,MATIC,2091.51,,1.24305712,Sent to exchange
USR-086,2024-01-05T16:55:38Z,REFERRAL_BONUS,SOL,14.973,,0.02009031,Friend signup bonus
USR-277,2024-01-06T02:47:04Z,TRANSFER_IN,ETH,14.4069,,0.00151195,Incoming from hardware wallet
USR-460,2024-01-06T09:12:53Z,TRANSFER_IN,MATIC,524.38,,0.4782688,Received from exchange
USR-239,2024-01-06T17:00:12Z,TRANSFER_OUT,ADA,4747.26,,6.63392354,Moved to cold storage
USR-244,2024-01-08T18:49:22Z,SELL,XRP,3331.76,0.72,2.01340522,
USR-199,2024-01-09T16:01:22Z,AIRDROP,MATIC,4037.35,,2.88350144,Project airdrop
USR-186,2024-01-09T23:16:29Z,TRANSFER_IN,ADA,1637.19,,0.51245525,Portfolio consolidation
USR-496,2024-01-11T19:43:28Z,BUY,UNI,2.3514,12.7,0.00138363,Limit order filled
USR-345,2024-01-11T23:26:11Z,SELL,SOL,28.6857,165.32,0.01458537,Stop triggered
USR-465,2024-01-12T13:03:29Z,SWAP,UNI,26.2037,13.76,0.00893782,Jupiter swap
USR-470,2024-01-12T17:42:53Z,BUY,UNI,10.3495,13.21,0.00371231,Dip buy
USR-403,2024-01-13T20:08:35Z,BUY,ADA,3178.5,0.89,1.21766824,Monthly DCA
USR-137,2024-01-15T09:06:50Z,TRANSFER_IN,LINK,34.9526,,0.03359875,Portfolio consolidation
USR-120,2024-01-16T12:50:49Z,SELL,SOL,30.315,103.06,0.04129665,Stop triggered
USR-151,2024-01-17T18:55:15Z,BUY,ETH,9.9547,3304.89,0.01164642,Limit order filled
USR-397,2024-01-18T04:44:53Z,BUY,bitcoin,0.71338,53909.49,0.00040521,Market order
USR-032,2024-01-19T05:29:35Z,BUY,SOL,24.2057,143.46,0.03249934,Market order
USR-162,2024-01-19T21:40:58Z,SELL,MATIC,3937.4,0.75,3.49244952,Stop triggered
USR-457,2024-01-20T07:03:20Z,SELL,SOL,17.9335,86.88,0.01086104,Full exit
USR-280,2024-01-20T08:57:22Z,BUY,LINK,13.9778,18.29,0.01744667,Monthly DCA
USR-002,2024-01-22T05:18:19Z,SWAP,MATIC,1339.77,0.75,1.73058016,1inch aggregator
USR-351,2024-01-22T11:21:10Z,SELL,AVAX,36.3274,29.18,0.03301653,Full exit
USR-197,2024-01-24T14:08:40Z,BUY,ETH,7.5038,3434.7,0.00430561,
USR-104,2024-01-25T18:54:30Z,TRANSFER_OUT,MATIC,250.08,,0.29160862,Sent to hardware wallet
USR-082,2024-01-25T22:25:01Z,BUY,DOT,33.6976,9.21,0.03362993,Limit order filled
USR-421,2024-01-25T23:38:36Z,BUY,MATIC,4494.77,0.85,3.1108338,
USR-133,2024-01-26T06:16:23Z,SELL,BTC,2.05832,55093.4,0.00193553,
USR-011,2024-01-26T17:31:08Z,SWAP,XRP,688.21,0.57,0.63600168,Uniswap trade
USR-297,2024-01-27T02:09:00Z,SELL,ADA,2908.12,0.57,4.0209442,Full exit
USR-243,2024-01-27T05:44:11Z,TRANSFER_OUT,UNI,13.6369,,0.01024056,Sent to hardware wallet
USR-398,2024-01-28T21:27:30Z,BUY,BTC,0.44054,65135.74,0.00034322,
USR-110,2024-01-31T07:30:51Z,SELL,UNI,0.4292,13.06,0.00030725,Partial exit
USR-467,2024-01-31T13:32:43Z,BUY,SOL,49.0574,135.22,0.05731048,
USR-212,2024-01-31T15:24:37Z,SELL,BTC,0.66527,41300.9,0.00013208,Full exit
USR-313,2024-01-31T21:05:53Z,SELL,MATIC,4096.34,0.96,4.25699178,Stop triggered
USR-038,2024-01-31T23:45:15Z,AIRDROP,BTC,1.37669,,0.00086744,Project airdrop
USR-168,2024-02-01T02:22:35Z,BUY,MATIC,2137.99,0.91,1.42535904,
USR-076,2024-02-02T08:30:54Z,SELL,AVAX,2.2882,47.46,0.00084553,Stop triggered
USR-115,2024-02-03T16:14:02Z,REFERRAL_BONUS,UNI,48.4653,,0.04811014,Friend signup bonus
USR-286,2024-02-04T10:08:28Z,SELL,ADA,3494.36,0.71,0.8841539,Stop triggered
USR-250,2024-02-04T11:18:31Z,REFERRAL_BONUS,ADA,800.96,,1.08613816,Referral reward
USR-448,2024-02-04T17:23:51Z,BUY,LINK,49.3333,12.66,0.07124387,Market order
USR-223,2024-02-06T01:37:04Z,BUY,XRP,1867.06,0.62,0.79572568,Dip buy
USR-400,2024-02-08T11:01:26Z,TRANSFER_IN,MATIC,1188.81,,0.30217888,Received from exchange
USR-461,2024-02-10T03:36:13Z,BUY,XRP,1896.42,0.6,1.09316917,Monthly DCA
USR-060,2024-02-10T04:10:58Z,BUY,XRP,1059.8,0.61,0.63816431,Market order
USR-318,2024-02-10T08:23:51Z,SELL,SOL,14.1846,125.32,0.01283067,Stop triggered
USR-305,2024-02-10T09:59:16Z,BUY,BTC,1.48612,42786.43,0.00111998,
USR-367,2024-02-11T15:19:08Z,TRANSFER_IN,ETH,11.5329,,0.00467937,Portfolio consolidation
USR-045,2024-02-11T21:57:12Z,SELL,ETH,7.3914,3679.31,0.00842261,Take profit
USR-238,2024-02-14T00:22:49Z,SELL,ADA,1038.44,0.59,1.2054495,
USR-194,2024-02-14T05:34:10Z,BUY,AVAX,31.9621,29.97,0.04291,Monthly DCA
USR-338,2024-02-14T07:46:06Z,SELL,MATIC,215.64,0.62,0.16746072,Full exit
USR-419,2024-02-14T11:26:03Z,SELL,ETH,11.6059,2449.13,0.00660261,Stop triggered
USR-072,2024-02-14T22:17:09Z,BUY,UNI,26.5719,13.97,0.03329894,
USR-255,2024-02-16T08:26:58Z,EARN,SOL,15.9431,,0.01403433,Lending interest
USR-361,2024-02-16T23:16:03Z,TRANSFER_IN,ADA,4754.92,,4.7231383,Portfolio consolidation
USR-476,2024-02-18T09:10:44Z,SELL,DOT,21.2622,9.09,0.01425863,Full exit
USR-174,2024-02-21T08:35:28Z,BUY,DOT,15.5376,7.48,0.00773532,Monthly DCA
USR-029,2024-02-21T20:05:50Z,SWAP,AVAX,40.015,41.22,0.04864517,DEX swap
USR-048,2024-02-22T15:53:54Z,TRANSFER_IN,ETH,6.7631,,0.0069108,Portfolio consolidation
USR-113,2024-02-22T16:43:08Z,BUY,DOT,1.2201,6.26,0.00110161,Monthly DCA
USR-270,2024-02-22T22:08:58Z,BUY,LINK,5.7473,19.79,0.00812082,Limit order filled
USR-004,2024-02-23T17:20:13Z,BUY,DOT,26.5389,8.48,0.03500982,Monthly DCA
USR-260,2024-02-23T18:42:41Z,TRANSFER_OUT,MATIC,960.68,,0.61718349,Moved to cold storage
USR-130,2024-02-23T23:53:30Z,AIRDROP,UNI,17.2834,,0.01879902,Community airdrop
USR-464,2024-02-24T08:42:15Z,SELL,ETH,1.9772,2231.28,0.00116159,Full exit
USR-439,2024-02-24T12:31:09Z,SELL,AVAX,17.0004,27.81,0.01310006,
USR-005,2024-02-25T23:56:45Z,AIRDROP,MATIC,2075.5,,1.86206601,Retroactive airdrop
USR-237,2024-02-27T00:07:36Z,AIRDROP,UNI,41.097,,0.05029921,Community airdrop
USR-434,2024-02-27T19:56:24Z,BUY,SOL,10.3373,171.93,0.01066576,Dip buy
USR-035,2024-02-28T02:33:35Z,TRANSFER_OUT,AVAX,17.3529,,0.01816526,Moved to cold storage
USR-380,2024-02-28T05:20:54Z,TRANSFER_IN,LINK,22.9727,,0.02410546,Portfolio consolidation
USR-511,2024-02-28T19:30:24Z,TRANSFER_IN,LINK,10.1123,,0.00755876,Received from exchange
USR-425,2024-02-28T19:44:37Z,REFERRAL_BONUS,ETH,4.1464,,0.00446117,Friend signup bonus
USR-187,2024-02-28T21:28:25Z,BUY,ETH,1.8843,2989.15,0.00021007,
USR-487,2024-02-29T16:36:31Z,BUY,ETH,0.411,2522.37,0.00038898,Dip buy
USR-173,2024-03-01T16:15:43Z,BUY,DOT,26.2467,11.98,0.00644356,Limit order filled
USR-294,2024-03-01T17:18:18Z,BUY,AVAX,45.8165,44.93,0.04599578,Market order
USR-247,2024-03-02T08:23:42Z,EARN,Bitcoin,0.76301,,0.00059965,Lending interest
USR-132,2024-03-03T19:11:12Z,SELL,MATIC,4014.23,0.91,4.24862179,
USR-412,2024-03-04T05:06:42Z,BUY,XRP,1233.36,0.75,0.15084268,Dip buy
USR-013,2024-03-05T09:49:32Z,SWAP,SOL,17.2024,197.18,0.01037221,Uniswap trade
USR-117,2024-03-06T12:16:46Z,BUY,UNI,41.0406,7.46,0.04200539,Dip buy
USR-094,2024-03-06T20:50:03Z,TRANSFER_IN,UNI,28.3864,,0.0349374,Incoming from hardware wallet
USR-236,2024-03-07T02:34:24Z,SELL,ADA,1637.65,0.7,0.21926424,Full exit
USR-404,2024-03-07T20:42:42Z,TRANSFER_OUT,BTC,0.27866,,0.00020948,Moved to cold storage
USR-165,2024-03-09T03:49:11Z,BUY,ETH,10.197,3290.04,0.00925475,Limit order filled
USR-432,2024-03-09T11:28:03Z,BUY,SOL,30.9696,100.9,0.02630692,Monthly DCA
USR-176,2024-03-10T03:06:03Z,SELL,LINK,46.7494,17.49,0.0135181,Stop triggered
USR-366,2024-03-10T16:12:05Z,BUY,AVAX,3.563,49.49,0.00135728,Market order
USR-207,2024-03-10T18:02:03Z,SELL,MATIC,596.8,0.86,0.11539234,Partial exit
USR-275,2024-03-10T20:09:32Z,BUY,MATIC,2849.18,0.93,0.88360374,Monthly DCA
USR-148,2024-03-12T08:40:28Z,SWAP,ETH,2.6855,2764.97,0.00109029,Jupiter swap
USR-336,2024-03-13T12:41:52Z,BUY,LINK,21.2638,20.2,0.01357908,Monthly DCA
USR-156,2024-03-14T01:23:13Z,BUY,ADA,1928.17,0.45,1.16894006,Dip buy
USR-423,2024-03-14T12:34:57Z,SWAP,XRP,2287.29,0.56,2.38479505,DEX swap
USR-479,2024-03-14T16:36:12Z,AIRDROP,AVAX,11.3711,,0.00762086,Retroactive airdrop
USR-213,2024-03-14T22:53:56Z,REFERRAL_BONUS,LINK,4.9463,,0.00551632,Friend signup bonus
USR-289,2024-03-16T13:04:02Z,SELL,AVAX,24.676,29.5,0.02352038,Full exit
USR-326,2024-03-17T08:44:42Z,BUY,SOL,22.7034,117.9,0.02183615,Market order
USR-441,2024-03-17T09:12:08Z,BUY,BTC,0.48868,56845.88,0.00058338,Dip buy
USR-482,2024-03-18T16:37:10Z,TRANSFER_OUT,ETH,13.3875,,0.00450104,Moved to cold storage
USR-449,2024-03-18T18:12:54Z,BUY,XRP,2101.84,0.62,2.3001398,Monthly DCA
USR-020,2024-03-18T22:47:57Z,TRANSFER_OUT,ETH,11.7736,,0.00938161,Sent to exchange
USR-242,2024-03-19T07:37:22Z,TRANSFER_IN,LINK,2.2698,,0.00076821,Incoming from hardware wallet
USR-054,2024-03-19T09:25:19Z,BUY,LINK,43.0493,19.12,0.06068733,Monthly DCA
USR-240,2024-03-20T12:33:58Z,BUY,ETH,7.0731,2797.38,0.00803517,Monthly DCA
USR-303,2024-03-21T01:28:56Z,SWAP,XRP,3888.89,0.49,5.1353515,Uniswap trade
USR-308,2024-03-21T14:26:26Z,BUY,XRP,616.58,0.74,0.54473367,
USR-041,2024-03-21T16:59:36Z,BUY,UNI,48.1622,11.1,0.0648338,Limit order filled
USR-447,2024-03-22T01:41:07Z,EARN,SOL,41.792,,0.0391637,Staking yield
USR-192,2024-03-22T07:52:05Z,TRANSFER_OUT,BTC,1.83857,,0.00042571,Sent to exchange
USR-014,2024-03-23T09:26:08Z,REFERRAL_BONUS,DOT,1.0543,,0.00043653,Referral reward
USR-300,2024-03-25T07:34:10Z,SWAP,BTC,0.21791,68065.56,0.00013515,Jupiter swap
USR-278,2024-03-25T14:24:38Z,SELL,AVAX,27.2207,25.14,0.03636098,Partial exit
USR-411,2024-03-26T00:58:03Z,SELL,ETH,3.6153,3205.28,0.00042441,Take profit
USR-408,2024-03-27T17:58:47Z,BUY,DOT,36.8353,7.48,0.02056199,Limit order filled
USR-315,2024-03-28T06:54:55Z,BUY,XRP,3438.17,0.66,2.58397451,Monthly DCA
USR-140,2024-03-29T06:13:37Z,BUY,LINK,45.7589,15.48,0.06628647,Dip buy
USR-118,2024-03-30T15:01:11Z,TRANSFER_OUT,MATIC,4615.64,,4.31630055,Sent to hardware wallet
USR-022,2024-04-01T10:44:51Z,BUY,LINK,24.8681,14.08,0.03497385,Dip buy
USR-330,2024-04-01T17:36:23Z,TRANSFER_OUT,MATIC,593.01,,0.29359507,Sent to hardware wallet
USR-513,2024-04-02T01:53:22Z,BUY,DOT,13.42,7.72,0.00435906,Limit order filled
USR-234,2024-04-04T11:32:25Z,TRANSFER_IN,LINK,30.8382,,0.03484516,Received from exchange
USR-073,2024-04-05T01:38:01Z,TRANSFER_IN,AVAX,12.0934,,0.01208336,Portfolio consolidation
USR-191,2024-04-06T08:43:06Z,SELL,BTC,1.9206,47966.8,0.00226576,Take profit
USR-063,2024-04-07T23:40:08Z,AIRDROP,MATIC,4830.87,,0.84696296,Community airdrop
USR-129,2024-04-08T22:22:44Z,TRANSFER_OUT,AVAX,9.0181,,0.00796056,Moved to cold storage
USR-356,2024-04-09T12:58:40Z,EARN,XRP,1708.09,,0.80950304,Staking yield
USR-364,2024-04-10T07:33:03Z,SELL,XRP,3858.33,0.66,3.99187021,Full exit
USR-141,2024-04-11T18:41:54Z,TRANSFER_IN,ADA,2301.06,,1.5314453,Received from exchange
USR-353,2024-04-12T08:50:37Z,EARN,ADA,1930.01,,2.09956317,Liquidity pool reward
USR-189,2024-04-13T20:59:36Z,TRANSFER_OUT,BTC,2.10902,,0.00302075,Sent to hardware wallet
USR-058,2024-04-14T01:25:04Z,SWAP,BTC,0.06416,44650.45,6.662e-05,Uniswap trade
USR-027,2024-04-14T13:49:29Z,TRANSFER_IN,MATIC,1819.76,,1.29712552,Portfolio consolidation
USR-459,2024-04-15T19:10:51Z,BUY,SOL,27.2312,193.42,0.03424462,Dip buy
USR-028,2024-04-15T22:40:04Z,SWAP,ETH,5.1474,2404.9,0.00339909,1inch aggregator
USR-307,2024-04-16T06:19:17Z,BUY,XRP,1419.42,0.55,1.01852167,
USR-515,2024-04-16T06:51:35Z,AIRDROP,DOT,32.3814,,0.00491567,Project airdrop
USR-387,2024-04-16T17:52:16Z,SWAP,ADA,3832.93,0.7,2.18364022,DEX swap
USR-248,2024-04-17T12:22:18Z,BUY,MATIC,1809.12,0.75,2.70353477,Limit order filled
USR-066,2024-04-18T18:30:52Z,SELL,ETH,2.6152,3124.92,0.00164255,Take profit
USR-407,2024-04-18T19:03:40Z,SWAP,AVAX,43.1237,30.41,0.03289841,1inch aggregator
USR-346,2024-04-19T11:50:53Z,BUY,ETH,1.1622,3610.77,0.00052633,Limit order filled
USR-424,2024-04-22T08:49:41Z,EARN,AVAX,4.4567,,0.00288329,Staking yield
USR-276,2024-04-22T12:37:46Z,TRANSFER_OUT,BTC,0.77449,,0.00091086,Moved to cold storage
USR-071,2024-04-24T09:18:40Z,SELL,MATIC,1144.93,0.71,0.64646975,Full exit
USR-065,2024-04-24T14:56:06Z,TRANSFER_IN,UNI,9.9038,,0.01104155,Received from exchange
USR-085,2024-04-24T22:23:54Z,SELL,BTC,1.33414,44364.21,0.00086371,Stop triggered
USR-021,2024-04-25T01:52:21Z,TRANSFER_OUT,LINK,48.6587,,0.02924829,Moved to cold storage
USR-437,2024-04-25T03:47:22Z,AIRDROP,LINK,48.7825,,0.02750323,Community airdrop
USR-281,2024-04-26T06:40:36Z,BUY,BTC,0.09277,67322.54,9.591e-05,Limit order filled
USR-180,2024-04-26T17:34:20Z,BUY,LINK,0.515,21.22,0.00073426,Market order
USR-018,2024-04-27T07:36:31Z,SELL,LINK,12.7116,19.02,0.0049282,
USR-466,2024-04-29T18:26:22Z,TRANSFER_OUT,ETH,12.8537,,0.00384715,Sent to hardware wallet
USR-323,2024-04-30T00:06:03Z,SWAP,ETH,6.949,3199.16,0.00869203,Uniswap trade
USR-444,2024-04-30T00:33:48Z,BUY,DOT,18.5445,8.24,0.00924463,Dip buy
USR-358,2024-05-02T00:53:11Z,TRANSFER_IN,ADA,2623.76,,2.75181372,Received from exchange
USR-006,2024-05-02T02:13:51Z,BUY,SOL,38.9692,143.39,0.0383241,Monthly DCA
USR-198,2024-05-03T09:13:35Z,SELL,SOL,35.0963,182.89,0.00969214,Partial exit
USR-456,2024-05-04T12:38:38Z,SELL,UNI,0.9755,8.08,0.00089192,Partial exit
USR-495,2024-05-04T20:06:57Z,BUY,UNI,48.5465,10.94,0.02883027,Dip buy
USR-306,2024-05-04T23:49:18Z,SELL,XRP,161.28,0.68,0.16037541,Partial exit
USR-386,2024-05-05T06:26:05Z,SWAP,DOT,16.2793,11.86,0.01475481,Uniswap trade
USR-206,2024-05-05T15:51:01Z,SELL,LINK,34.1929,19.66,0.01079757,Full exit
USR-217,2024-05-06T10:59:44Z,AIRDROP,AVAX,46.6826,,0.06365074,Community airdrop
USR-224,2024-05-06T11:20:57Z,TRANSFER_IN,UNI,45.9023,,0.05177652,Portfolio consolidation
USR-324,2024-05-07T12:39:57Z,REFERRAL_BONUS,ETH,10.2858,,0.00961689,Friend signup bonus
USR-252,2024-05-08T06:09:22Z,BUY,ADA,2885.85,0.61,1.55067072,Limit order filled
USR-037,2024-05-08T21:09:48Z,SWAP,AVAX,43.4838,26.87,0.03427859,Uniswap trade
USR-385,2024-05-11T09:15:56Z,TRANSFER_IN,UNI,11.1066,,0.0136193,Incoming from hardware wallet
USR-502,2024-05-12T05:44:12Z,TRANSFER_IN,MATIC,2508.82,,3.101002,Portfolio consolidation
USR-320,2024-05-12T16:41:10Z,SELL,UNI,12.2602,7.27,0.00950563,
USR-292,2024-05-12T22:43:14Z,BUY,ETH,7.6053,2783.06,0.00082581,Dip buy
USR-179,2024-05-13T22:14:23Z,BUY,DOT,13.0644,7.82,0.00130813,Monthly DCA
USR-164,2024-05-14T00:37:11Z,TRANSFER_OUT,XRP,1836.76,,1.62459594,Moved to cold storage
USR-123,2024-05-16T12:03:46Z,SELL,BTC,1.07296,70029.49,0.00083151,Take profit
USR-359,2024-05-16T21:22:13Z,SELL,BTC,0.03089,43126.36,7.58e-06,Take profit
USR-431,2024-05-17T12:19:31Z,BUY,AVAX,18.6579,32.2,0.0239515,Monthly DCA
USR-222,2024-05-18T11:57:06Z,SELL,LINK,28.5763,17.72,0.00662976,Take profit
USR-484,2024-05-18T16:04:02Z,SELL,UNI,29.7231,12.05,0.03630314,Take profit
USR-440,2024-05-19T04:08:57Z,TRANSFER_IN,ETH,6.0304,,0.00770219,Incoming from hardware wallet
USR-474,2024-05-22T16:40:58Z,AIRDROP,ETH,13.808,,0.01783739,Retroactive airdrop
USR-455,2024-05-25T07:29:48Z,SELL,DOT,43.4305,9.77,0.03328761,
USR-402,2024-05-25T10:07:59Z,SELL,DOT,7.3326,11.57,0.00540403,Take profit
USR-181,2024-05-25T11:36:48Z,BUY,DOT,39.9184,9.58,0.04851979,Limit order filled
USR-389,2024-05-26T10:47:43Z,TRANSFER_IN,SOL,5.0884,,0.00654528,Portfolio consolidation
USR-241,2024-05-26T15:13:42Z,SELL,XRP,2766.56,0.64,4.12002473,
USR-107,2024-05-26T15:43:17Z,REFERRAL_BONUS,XRP,4182.62,,1.96015348,Referral reward
USR-143,2024-05-26T19:38:34Z,SELL,XRP,4386.76,0.69,3.96936606,Take profit
USR-500,2024-05-27T01:46:10Z,SELL,DOT,13.4043,10.18,0.01237465,Full exit
USR-084,2024-05-28T12:01:55Z,SELL,XRP,3945.11,0.54,0.87229266,Take profit
USR-228,2024-05-28T22:02:12Z,TRANSFER_OUT,UNI,46.4398,,0.04585661,Sent to exchange
USR-008,2024-05-29T05:46:04Z,BUY,ETH,6.5113,2972.94,0.00456205,Market order
USR-490,2024-05-29T08:41:22Z,SWAP,LINK,0.9818,19.64,0.00145993,DEX swap
USR-074,2024-05-30T05:37:27Z,REFERRAL_BONUS,MATIC,1937.79,,2.35381262,Referral reward
USR-050,2024-05-30T19:52:54Z,SELL,SOL,34.6217,102.57,0.04297736,
USR-105,2024-05-31T02:17:23Z,BUY,ADA,261.9,0.5,0.35901685,Dip buy
USR-061,2024-05-31T09:41:11Z,TRANSFER_IN,LINK,43.2556,,0.04928447,Portfolio consolidation
USR-494,2024-06-01T08:58:15Z,TRANSFER_IN,AVAX,28.1565,,0.00897729,Received from exchange
USR-154,2024-06-02T06:42:27Z,TRANSFER_OUT,AVAX,46.9888,,0.00684099,Moved to cold storage
USR-264,2024-06-02T10:45:03Z,TRANSFER_OUT,UNI,36.7931,,0.02327251,Moved to cold storage
USR-442,2024-06-02T13:17:40Z,BUY,LINK,42.4876,18.77,0.06121075,Limit order filled
USR-195,2024-06-03T02:12:02Z,BUY,DOT,16.2932,7.0,0.00792729,
USR-101,2024-06-03T11:18:20Z,TRANSFER_OUT,XRP,712.71,,0.57128869,Sent to hardware wallet
USR-443,2024-06-03T18:30:32Z,BUY,MATIC,3035.7,0.86,0.54177125,Dip buy
USR-481,2024-06-04T23:05:20Z,BUY,AVAX,26.1809,41.91,0.00698781,Market order
USR-507,2024-06-05T14:43:00Z,TRANSFER_OUT,DOT,33.2065,,0.01788815,Moved to cold storage
USR-435,2024-06-06T11:47:39Z,SELL,LINK,48.7757,17.34,0.01317364,
USR-263,2024-06-06T14:37:54Z,TRANSFER_IN,MATIC,4340.54,,5.82770312,Incoming from hardware wallet
USR-138,2024-06-06T20:04:36Z,SELL,BTC,0.21802,48829.98,0.00014372,Take profit
USR-126,2024-06-08T03:42:44Z,SELL,LINK,0.459,18.55,0.00048786,Full exit
USR-256,2024-06-09T02:08:39Z,BUY,SOL,36.3813,179.51,0.04846661,Market order
USR-406,2024-06-09T06:17:10Z,EARN,UNI,48.5098,,0.06291748,Staking yield
USR-497,2024-06-09T08:27:43Z,TRANSFER_OUT,MATIC,1933.84,,1.35254213,Moved to cold storage
USR-184,2024-06-09T17:32:35Z,TRANSFER_OUT,XRP,1459.15,,1.66357348,Moved to cold storage
USR-261,2024-06-09T18:50:57Z,BUY,ADA,209.54,0.78,0.02535852,Dip buy
USR-290,2024-06-10T09:39:04Z,BUY,BTC,1.99203,63598.99,0.00077742,Limit order filled
USR-214,2024-06-10T14:48:03Z,BUY,ADA,2871.64,0.87,2.53219168,Limit order filled
USR-463,2024-06-11T10:56:56Z,SWAP,LINK,42.3189,19.13,0.0458386,DEX swap
USR-409,2024-06-11T14:54:57Z,EARN,UNI,47.318,,0.06526366,Staking yield
USR-051,2024-06-11T23:14:17Z,TRANSFER_IN,UNI,44.1465,,0.03557123,Incoming from hardware wallet
USR-122,2024-06-12T18:03:33Z,TRANSFER_IN,BTC,1.9374,,0.00195469,Portfolio consolidation
USR-235,2024-06-13T20:41:04Z,BUY,DOT,16.2382,11.54,0.00366062,Market order
USR-127,2024-06-13T20:52:47Z,SELL,SOL,21.361,156.1,0.00995047,Stop triggered
USR-025,2024-06-14T19:33:47Z,BUY,SOL,43.7196,190.79,0.02641978,Dip buy
USR-215,2024-06-15T05:37:38Z,TRANSFER_OUT,UNI,17.9624,,0.01333185,Sent to exchange
USR-081,2024-06-17T13:05:09Z,BUY,ETH,3.4224,2665.57,0.00220144,Market order
USR-012,2024-06-17T19:03:10Z,SWAP,XRP,4744.89,0.59,3.9306848,Jupiter swap
USR-177,2024-06-18T07:16:58Z,TRANSFER_IN,AVAX,31.5893,,0.03127946,Portfolio consolidation
USR-331,2024-06-18T09:15:54Z,SELL,UNI,19.774,8.55,0.01257439,Take profit
USR-267,2024-06-20T01:56:20Z,SELL,BTC,1.2908,60180.75,0.00021816,Full exit
USR-433,2024-06-20T14:22:47Z,SWAP,SOL,8.1466,95.2,0.01214888,Uniswap trade
USR-178,2024-06-20T23:26:11Z,SELL,LINK,15.5521,15.47,0.01330537,
USR-301,2024-06-21T17:16:27Z,SELL,SOL,5.7003,182.04,0.00677712,
USR-017,2024-06-21T22:18:33Z,BUY,BTC,1.63427,40631.74,0.00174156,Market order
USR-219,2024-06-23T04:00:01Z,SELL,DOT,38.3088,11.56,0.01745827,Take profit
USR-163,2024-06-24T01:57:02Z,SELL,SOL,3.0958,185.8,0.00237496,
USR-170,2024-06-24T05:59:40Z,SELL,AVAX,39.0706,48.47,0.04481608,Stop triggered
USR-158,2024-06-24T10:05:55Z,SELL,DOT,35.0656,8.23,0.045447,Full exit
USR-269,2024-06-24T19:07:52Z,EARN,LINK,45.1934,,0.03385033,Lending interest
USR-052,2024-06-25T05:49:40Z,AIRDROP,ADA,1404.3,,2.03487417,Retroactive airdrop
USR-383,2024-06-26T12:56:54Z,TRANSFER_IN,BTC,0.12585,,6.673e-05,Received from exchange
USR-090,2024-06-28T12:18:11Z,BUY,ETH,11.9969,3734.05,0.01549931,Limit order filled
USR-188,2024-06-29T10:51:08Z,BUY,ADA,1742.47,0.56,2.12450183,Dip buy
USR-413,2024-06-29T11:33:44Z,TRANSFER_OUT,UNI,37.3896,,0.00501689,Moved to cold storage
USR-024,2024-06-29T16:22:43Z,SELL,ETH,9.6686,3022.15,0.01419551,Full exit
USR-414,2024-06-29T16:33:01Z,TRANSFER_OUT,DOT,9.3288,,0.01231563,Sent to exchange
USR-339,2024-06-29T22:31:14Z,TRANSFER_IN,ETH,10.9721,,0.01620591,Incoming from hardware wallet
USR-314,2024-07-01T05:38:52Z,AIRDROP,AVAX,28.4327,,0.00654187,Community airdrop
USR-259,2024-07-01T10:11:32Z,BUY,BTC,1.72067,55251.27,0.00138214,Limit order filled
USR-310,2024-07-02T04:34:24Z,BUY,ETH,13.3847,3173.04,0.00228901,
USR-160,2024-07-03T01:33:30Z,BUY,DOT,42.8298,7.18,0.0522546,Monthly DCA
USR-426,2024-07-03T10:06:50Z,SWAP,LINK,47.61,12.23,0.03252483,Uniswap trade
USR-231,2024-07-04T04:17:12Z,BUY,DOT,14.5602,8.37,0.0041506,
USR-317,2024-07-05T06:21:38Z,SWAP,MATIC,2293.75,0.62,1.75579247,Jupiter swap
USR-030,2024-07-06T19:51:20Z,TRANSFER_OUT,BTC,2.11103,,0.00051762,Sent to exchange
USR-348,2024-07-07T16:46:05Z,BUY,AVAX,18.5514,29.38,0.02217892,Monthly DCA
USR-200,2024-07-07T20:20:37Z,TRANSFER_IN,MATIC,3635.78,,1.63964493,Received from exchange
USR-096,2024-07-08T11:54:08Z,SELL,MATIC,4395.53,0.83,2.64715626,Full exit
USR-492,2024-07-08T16:24:33Z,TRANSFER_OUT,AVAX,21.591,,0.01160394,Moved to cold storage
USR-381,2024-07-09T05:49:44Z,TRANSFER_OUT,ADA,4627.84,,0.70171352,Sent to hardware wallet
USR-152,2024-07-09T23:38:14Z,SWAP,MATIC,3122.3,0.85,4.61946115,Jupiter swap
USR-519,2024-07-12T04:15:34Z,SELL,ETH,12.4364,3909.41,0.01746292,Full exit
USR-384,2024-07-12T10:42:47Z,TRANSFER_IN,UNI,3.2915,,0.00409614,Received from exchange
USR-039,2024-07-12T12:51:20Z,SELL,UNI,22.4601,12.85,0.01630368,
USR-396,2024-07-12T14:10:27Z,BUY,ADA,1418.31,0.5,1.7236128,Market order
USR-157,2024-07-13T01:52:24Z,SELL,ADA,1383.57,0.88,0.80293416,Partial exit
USR-003,2024-07-13T17:47:14Z,SWAP,UNI,29.0576,10.97,0.02211596,Uniswap trade
USR-055,2024-07-15T01:37:38Z,BUY,XRP,3448.73,0.73,0.98544156,Monthly DCA
USR-506,2024-07-15T08:34:52Z,SELL,DOT,10.566,10.77,0.01069439,Full exit
USR-230,2024-07-15T09:25:06Z,BUY,BTC,2.49342,71073.29,0.00287735,Limit order filled
USR-036,2024-07-15T17:13:52Z,SWAP,LINK,44.6139,18.13,0.00518872,Uniswap trade
USR-395,2024-07-16T11:37:21Z,AIRDROP,UNI,18.1589,,0.02116564,Community airdrop
USR-131,2024-07-16T19:06:18Z,SWAP,ETH,6.7045,3458.76,0.00218911,Uniswap trade
USR-328,2024-07-17T14:29:43Z,AIRDROP,MATIC,4951.93,,4.53506548,Community airdrop
USR-019,2024-07-18T01:18:56Z,SELL,ETH,4.057,3290.14,0.00118476,
USR-053,2024-07-18T07:55:55Z,TRANSFER_OUT,SOL,20.696,,0.02235209,Sent to exchange
USR-114,2024-07-20T00:26:24Z,TRANSFER_IN,BTC,0.36802,,0.00012251,Received from exchange
USR-108,2024-07-20T00:38:50Z,TRANSFER_IN,MATIC,2959.01,,4.01690716,Received from exchange
USR-161,2024-07-20T03:51:15Z,TRANSFER_OUT,SOL,21.1339,,0.00609207,Sent to exchange
USR-193,2024-07-21T16:23:04Z,SELL,XRP,4684.27,0.5,5.24418974,Stop triggered
USR-069,2024-07-23T10:02:13Z,SWAP,XRP,2478.23,0.62,1.49020883,Jupiter swap
USR-153,2024-07-23T13:12:34Z,BUY,LINK,14.0853,14.22,0.01278003,
USR-285,2024-07-24T01:29:15Z,SELL,XRP,2380.54,0.49,3.10225097,Full exit
USR-394,2024-07-25T06:48:46Z,SWAP,XRP,1771.88,0.45,0.76172166,DEX swap
USR-354,2024-07-25T07:19:12Z,BUY,DOT,0.692,11.56,0.00050402,Dip buy
USR-415,2024-07-25T13:32:10Z,TRANSFER_OUT,BTC,0.17768,,0.00024001,Moved to cold storage
USR-410,2024-07-25T15:24:47Z,AIRDROP,BTC,1.83396,,0.00147799,Retroactive airdrop
USR-216,2024-07-26T17:18:47Z,SWAP,SOL,39.6438,151.5,0.0319755,Uniswap trade
USR-341,2024-07-27T03:52:17Z,TRANSFER_IN,UNI,15.6937,,0.00272888,Incoming from hardware wallet
USR-372,2024-07-27T06:23:44Z,BUY,DOT,47.7124,10.91,0.036972,Limit order filled
USR-070,2024-07-27T22:32:16Z,BUY,SOL,26.0783,182.21,0.00842639,Limit order filled
USR-087,2024-07-27T23:37:11Z,SELL,LINK,7.1546,12.42,0.00645206,Take profit
USR-266,2024-07-28T06:18:13Z,BUY,ETH,12.4069,2276.35,0.01853803,Limit order filled
USR-493,2024-07-28T20:30:05Z,TRANSFER_OUT,UNI,33.7837,,0.03459823,Sent to exchange
USR-371,2024-07-29T03:21:52Z,SELL,AVAX,23.9592,35.1,0.02680734,
USR-203,2024-07-29T17:08:00Z,SWAP,SOL,3.5369,100.15,0.00181776,Jupiter swap
USR-321,2024-07-30T20:21:30Z,BUY,UNI,21.6143,13.84,0.01932525,Dip buy
USR-044,2024-08-01T01:50:46Z,SELL,ETH,3.334,2814.44,0.00420697,Full exit
USR-172,2024-08-01T08:46:22Z,TRANSFER_OUT,ETH,5.9617,,0.0013937,Moved to cold storage
USR-139,2024-08-01T19:34:29Z,TRANSFER_IN,LINK,0.8668,,0.00094054,Received from exchange
USR-099,2024-08-02T14:13:43Z,SELL,BTC,1.44767,64614.41,0.00057598,
USR-128,2024-08-02T18:59:27Z,SELL,UNI,13.8505,11.44,0.01602448,Take profit
USR-249,2024-08-03T21:24:34Z,SWAP,XRP,4399.45,0.72,5.45884677,DEX swap
USR-296,2024-08-03T23:37:35Z,TRANSFER_OUT,LINK,15.0373,,0.01676583,Moved to cold storage
USR-514,2024-08-05T18:56:50Z,SELL,ETH,0.4253,3634.68,0.00022743,Take profit
USR-246,2024-08-06T02:59:11Z,BUY,UNI,26.6249,7.49,0.02132418,Market order
USR-288,2024-08-06T21:07:55Z,BUY,LINK,28.7996,18.23,0.04026033,Limit order filled
USR-218,2024-08-07T01:53:20Z,SWAP,DOT,38.2328,8.58,0.04267602,Uniswap trade
USR-201,2024-08-08T11:02:34Z,TRANSFER_OUT,LINK,14.8063,,0.0159294,Sent to hardware wallet
USR-499,2024-08-08T23:36:15Z,BUY,MATIC,890.41,0.87,0.13563497,Market order
USR-056,2024-08-09T23:44:00Z,SELL,MATIC,3566.25,0.98,3.16394953,Stop triggered
USR-282,2024-08-10T15:03:37Z,BUY,Ethereum,14.9061,2490.4,0.00742522,Limit order filled
USR-309,2024-08-11T07:50:27Z,SELL,LINK,15.9924,13.42,0.01736927,Full exit
USR-322,2024-08-11T08:49:21Z,TRANSFER_OUT,SOL,33.1644,,0.00693309,Sent to exchange
USR-225,2024-08-12T03:52:32Z,TRANSFER_OUT,SOL,24.465,,0.03323897,Sent to exchange
USR-125,2024-08-12T20:13:50Z,BUY,ETH,13.1527,2935.56,0.00479586,
USR-091,2024-08-13T20:32:37Z,TRANSFER_IN,ETH,1.0198,,0.00024219,Portfolio consolidation
USR-454,2024-08-14T00:55:31Z,BUY,ETH,7.4008,3947.13,0.00694526,Dip buy
USR-401,2024-08-15T14:27:18Z,BUY,DOT,43.5073,8.25,0.01779135,Market order
USR-319,2024-08-17T17:11:38Z,SELL,ETH,9.7453,3626.38,0.008243,Take profit
USR-112,2024-08-17T19:34:13Z,BUY,MATIC,3615.27,0.84,2.7849889,Monthly DCA
USR-377,2024-08-18T15:39:07Z,TRANSFER_IN,ADA,742.72,,0.27505135,Portfolio consolidation
USR-468,2024-08-18T17:48:09Z,BUY,AVAX,37.891,26.06,0.00950853,Limit order filled
USR-349,2024-08-19T15:52:23Z,BUY,LINK,43.1145,15.43,0.00940595,Monthly DCA
USR-196,2024-08-19T22:06:04Z,TRANSFER_OUT,BTC,1.45311,,0.00155054,Sent to exchange
USR-258,2024-08-19T23:29:04Z,AIRDROP,UNI,13.4164,,0.01199239,Project airdrop
USR-279,2024-08-21T10:21:25Z,TRANSFER_IN,AVAX,22.7416,,0.01634269,Portfolio consolidation
USR-116,2024-08-21T17:13:21Z,BUY,UNI,49.6395,12.94,0.01681754,Market order
USR-355,2024-08-25T11:08:16Z,TRANSFER_IN,BTC,1.3287,,0.00079105,Incoming from hardware wallet
USR-392,2024-08-25T11:37:35Z,BUY,SOL,32.0273,148.0,0.02167748,Monthly DCA
USR-031,2024-08-25T19:16:24Z,TRANSFER_OUT,AVAX,9.1449,,0.00577639,Moved to cold storage
USR-405,2024-08-25T20:51:17Z,TRANSFER_OUT,ADA,4437.72,,4.19404646,Sent to exchange
USR-268,2024-08-26T11:49:32Z,SELL,XRP,3879.7,0.54,1.2922553,Full exit
USR-134,2024-08-26T19:34:26Z,BUY,MATIC,446.2,0.62,0.28470077,Market order
USR-068,2024-08-27T10:53:19Z,EARN,BTC,0.80725,,0.0001382,Lending interest
USR-312,2024-08-27T17:28:31Z,TRANSFER_IN,UNI,31.5106,,0.03359581,Incoming from hardware wallet
USR-092,2024-08-28T23:18:20Z,SELL,MATIC,1817.83,0.94,0.77866019,Full exit
USR-016,2024-08-30T09:02:13Z,TRANSFER_OUT,DOT,43.8396,,0.02008313,Sent to exchange
USR-335,2024-08-30T10:05:48Z,TRANSFER_OUT,AVAX,44.6898,,0.04797659,Moved to cold storage
USR-298,2024-08-31T16:30:15Z,REFERRAL_BONUS,XRP,4211.66,,2.42091854,Friend signup bonus
USR-077,2024-08-31T20:26:23Z,REFERRAL_BONUS,SOL,48.5843,,0.05745802,Referral reward
USR-393,2024-08-31T22:50:59Z,TRANSFER_OUT,UNI,9.082,,0.00726417,Sent to hardware wallet
USR-508,2024-09-01T04:55:46Z,BUY,LINK,22.7161,19.63,0.00801518,
USR-344,2024-09-01T18:30:05Z,EARN,XRP,3648.51,,3.24421417,Staking yield
USR-373,2024-09-02T22:12:25Z,EARN,MATIC,1700.53,,0.89100852,Staking yield
USR-512,2024-09-03T13:37:56Z,TRANSFER_OUT,XRP,4228.4,,2.85148229,Sent to hardware wallet
USR-363,2024-09-05T10:51:57Z,REFERRAL_BONUS,ETH,3.8075,,0.00286986,Referral reward
USR-135,2024-09-06T00:56:51Z,TRANSFER_IN,XRP,3572.45,,3.3454622,Received from exchange
USR-334,2024-09-06T19:08:15Z,BUY,AVAX,32.9305,49.37,0.00955268,Monthly DCA
USR-169,2024-09-07T17:31:13Z,BUY,ADA,1601.74,0.73,1.75327562,Limit order filled
USR-453,2024-09-07T18:50:22Z,TRANSFER_IN,XRP,2114.93,,1.66792073,Portfolio consolidation
USR-418,2024-09-09T02:24:25Z,BUY,DOT,18.343,9.71,0.01122224,Monthly DCA
USR-333,2024-09-09T04:25:32Z,SELL,XRP,4987.41,0.65,1.43631636,
USR-015,2024-09-10T00:28:32Z,TRANSFER_OUT,UNI,25.2812,,0.00688728,Sent to exchange
USR-233,2024-09-10T16:23:45Z,TRANSFER_OUT,SOL,24.098,,0.00909343,Moved to cold storage
USR-452,2024-09-11T06:58:42Z,BUY,XRP,1535.84,0.64,1.52230182,
USR-428,2024-09-12T01:07:51Z,TRANSFER_OUT,LINK,32.2691,,0.0218258,Moved to cold storage
USR-254,2024-09-12T05:31:23Z,BUY,LINK,45.4872,16.3,0.06243586,Monthly DCA
USR-208,2024-09-12T21:16:14Z,SWAP,ADA,579.92,0.5,0.08382396,1inch aggregator
USR-375,2024-09-13T23:29:17Z,TRANSFER_OUT,ADA,924.26,,0.14331913,Moved to cold storage
USR-111,2024-09-14T02:59:18Z,SELL,XRP,1097.01,0.51,0.66600807,
USR-034,2024-09-14T08:36:52Z,SELL,MATIC,2619.54,0.94,2.52925656,Take profit
USR-026,2024-09-14T23:55:01Z,TRANSFER_OUT,ETH,13.3555,,0.0015164,Sent to hardware wallet
USR-480,2024-09-18T09:23:02Z,SWAP,AVAX,46.9602,34.19,0.00553662,1inch aggregator
USR-145,2024-09-20T06:17:10Z,TRANSFER_IN,BTC,0.64529,,0.00041024,Received from exchange
USR-422,2024-09-20T19:17:29Z,SELL,AVAX,24.3627,38.17,0.00662162,Stop triggered
USR-340,2024-09-23T01:01:55Z,SELL,LINK,44.5068,12.88,0.03388891,
USR-119,2024-09-23T03:46:13Z,SELL,SOL,5.5176,106.31,0.0071918,Stop triggered
USR-079,2024-09-23T19:23:21Z,TRANSFER_OUT,DOT,32.3634,,0.0458153,Sent to exchange
USR-251,2024-09-23T23:51:39Z,TRANSFER_OUT,LINK,48.0342,,0.04598928,Sent to exchange
USR-478,2024-09-24T04:44:16Z,BUY,MATIC,2493.88,0.79,1.84478307,Dip buy
USR-155,2024-09-25T00:54:28Z,SWAP,SOL,22.9141,95.65,0.0189153,Jupiter swap
USR-462,2024-09-25T05:01:48Z,BUY,LINK,11.1336,13.88,0.01509582,Limit order filled
USR-291,2024-09-25T08:25:30Z,SELL,MATIC,1780.77,1.0,0.70745203,Partial exit
USR-501,2024-09-25T16:19:07Z,TRANSFER_IN,MATIC,2884.07,,3.55218557,Received from exchange
USR-391,2024-09-26T06:14:50Z,TRANSFER_IN,XRP,2110.3,,2.59646358,Incoming from hardware wallet
USR-093,2024-09-26T16:29:53Z,BUY,ADA,1623.04,0.63,1.56279179,Dip buy
USR-010,2024-09-26T17:07:08Z,SWAP,ADA,138.68,0.4,0.15629854,Uniswap trade
USR-343,2024-09-27T07:20:46Z,BUY,MATIC,4804.88,1.0,2.42594461,
USR-229,2024-09-28T08:40:30Z,BUY,LINK,2.155,17.4,0.00066678,Limit order filled
USR-185,2024-09-29T09:52:40Z,BUY,ETH,4.351,3346.41,0.00419794,Dip buy
USR-382,2024-09-29T17:33:36Z,TRANSFER_IN,AVAX,45.3682,,0.04381302,Received from exchange
USR-106,2024-09-30T16:17:50Z,SELL,AVAX,44.0894,26.0,0.04443923,
USR-311,2024-10-01T01:04:16Z,EARN,BTC,0.13545,,9.442e-05,Staking yield
USR-299,2024-10-01T06:33:26Z,SELL,SOL,28.592,130.64,0.02668402,Full exit
USR-390,2024-10-01T20:18:21Z,TRANSFER_OUT,BTC,0.20273,,2.232e-05,Sent to hardware wallet
USR-273,2024-10-02T01:19:09Z,TRANSFER_OUT,ETH,6.7465,,0.00410269,Sent to exchange
USR-067,2024-10-02T23:47:01Z,SELL,SOL,8.1303,189.98,0.00087729,Take profit
USR-043,2024-10-05T09:47:50Z,BUY,AVAX,16.6654,44.19,0.01566434,Dip buy
USR-327,2024-10-06T03:17:56Z,BUY,MATIC,1533.69,1.0,1.61249482,Market order
USR-209,2024-10-06T03:48:07Z,SELL,UNI,35.0956,8.05,0.02150994,Stop triggered
USR-272,2024-10-06T08:44:15Z,SELL,XRP,1654.17,0.64,1.81306567,Partial exit
USR-477,2024-10-07T19:48:02Z,SELL,LINK,6.882,19.62,0.00747814,Stop triggered
USR-516,2024-10-07T22:56:44Z,BUY,XRP,3958.87,0.53,3.44813047,
USR-033,2024-10-08T11:03:30Z,BUY,MATIC,111.18,1.03,0.09280696,Limit order filled
USR-483,2024-10-09T00:21:30Z,BUY,UNI,42.2171,9.23,0.01798522,Market order
USR-510,2024-10-09T13:32:35Z,SELL,LINK,40.4658,20.53,0.05542075,Stop triggered
USR-368,2024-10-09T22:12:44Z,EARN,XRP,561.27,,0.11342554,Lending interest
USR-446,2024-10-10T08:05:44Z,AIRDROP,AVAX,14.5028,,0.0178086,Retroactive airdrop
USR-302,2024-10-11T19:50:43Z,SELL,AVAX,45.2573,28.85,0.02607555,Take profit
USR-342,2024-10-12T08:38:50Z,TRANSFER_OUT,AVAX,22.7563,,0.03114148,Sent to exchange
USR-357,2024-10-12T13:17:50Z,TRANSFER_IN,DOT,23.1093,,0.02415864,Received from exchange
USR-518,2024-10-12T14:51:12Z,SELL,ETH,12.5988,3716.95,0.00542325,Stop triggered
USR-103,2024-10-13T04:16:11Z,SELL,AVAX,8.0452,39.16,0.00717742,Partial exit
USR-486,2024-10-13T21:46:44Z,SELL,ETH,7.4641,3331.07,0.00215303,
USR-347,2024-10-14T08:40:25Z,BUY,XRP,120.3,0.48,0.04143846,Limit order filled
USR-445,2024-10-15T08:32:19Z,AIRDROP,LINK,4.4712,,0.00500325,Retroactive airdrop
USR-171,2024-10-16T06:25:14Z,SELL,SOL,42.7252,96.26,0.01830681,Full exit
USR-399,2024-10-17T12:21:11Z,EARN,AVAX,29.6761,,0.01651063,Staking yield
USR-147,2024-10-18T04:12:40Z,TRANSFER_OUT,XRP,1278.88,,0.29441506,Sent to exchange
USR-352,2024-10-19T14:08:09Z,TRANSFER_IN,Ethereum,5.9872,,0.0031248,Portfolio consolidation
USR-064,2024-10-20T15:06:50Z,BUY,AVAX,41.5162,47.79,0.04510655,Dip buy
USR-009,2024-10-21T07:19:55Z,BUY,LINK,10.0508,15.73,0.00120316,Dip buy
USR-325,2024-10-21T09:28:32Z,SELL,BTC,2.04277,68392.37,0.00278748,
USR-102,2024-10-21T10:40:19Z,SELL,BTC,2.12011,65809.28,0.00203456,Partial exit
USR-374,2024-10-22T16:56:11Z,AIRDROP,ETH,12.8016,,0.00737485,Retroactive airdrop
USR-420,2024-10-22T20:58:14Z,TRANSFER_IN,UNI,43.5695,,0.04722851,Portfolio consolidation
USR-257,2024-10-23T11:31:32Z,BUY,XRP,802.19,0.51,0.22795371,
USR-472,2024-10-23T18:57:00Z,TRANSFER_OUT,ADA,2549.3,,0.49882626,Sent to exchange
USR-007,2024-10-24T06:30:17Z,TRANSFER_IN,BTC,0.52425,,0.00062017,Portfolio consolidation
USR-458,2024-10-24T08:25:17Z,BUY,LINK,31.9834,12.77,0.01187674,Monthly DCA
USR-124,2024-10-24T19:19:20Z,TRANSFER_IN,UNI,4.9761,,0.00143031,Incoming from hardware wallet
USR-485,2024-10-25T15:16:28Z,SELL,UNI,47.5119,13.9,0.03876878,Partial exit
USR-274,2024-10-25T17:42:18Z,SELL,LINK,30.6424,13.6,0.02667373,
USR-350,2024-10-26T13:20:53Z,EARN,SOL,41.8969,,0.0483434,Liquidity pool reward
USR-232,2024-10-27T21:34:22Z,TRANSFER_IN,BTC,0.65713,,0.00043235,Incoming from hardware wallet
USR-166,2024-10-28T06:08:27Z,AIRDROP,XRP,1807.79,,1.8845668,Retroactive airdrop
USR-150,2024-10-29T21:13:58Z,BUY,ADA,1053.69,0.52,1.01790211,Monthly DCA
USR-023,2024-10-30T02:42:39Z,BUY,ETH,12.5301,3404.24,0.00386932,
USR-226,2024-10-30T08:15:47Z,SWAP,ETH,4.5129,3515.42,0.00409228,DEX swap
USR-471,2024-10-30T14:36:12Z,BUY,XRP,4746.52,0.55,1.54157605,Limit order filled
USR-469,2024-10-31T05:13:28Z,BUY,ETH,0.6588,2742.96,7.535e-05,
USR-136,2024-10-31T20:01:53Z,SELL,BTC,1.64255,65725.12,0.00082195,
USR-265,2024-11-01T23:37:29Z,TRANSFER_IN,UNI,29.7309,,0.0248349,Portfolio consolidation
USR-001,2024-11-02T10:32:06Z,EARN,ETH,3.3577,,0.00443218,Liquidity pool reward
USR-062,2024-11-02T10:43:54Z,BUY,XRP,3480.03,0.46,2.20708959,Market order
USR-316,2024-11-02T16:57:01Z,BUY,UNI,12.9768,8.91,0.00462875,Dip buy
USR-430,2024-11-02T21:30:29Z,SELL,AVAX,15.2737,28.3,0.01840615,Partial exit
USR-451,2024-11-03T15:42:02Z,TRANSFER_IN,AVAX,28.0081,,0.02097338,Received from exchange
USR-109,2024-11-04T05:06:10Z,BUY,ADA,2606.04,0.58,3.42644013,Market order
USR-488,2024-11-04T05:47:32Z,BUY,UNI,4.907,6.61,0.00565411,Market order
USR-080,2024-11-04T19:37:06Z,BUY,AVAX,35.8717,25.95,0.00726571,Monthly DCA
USR-416,2024-11-04T22:04:43Z,BUY,DOT,37.6691,10.19,0.03606823,Limit order filled
USR-438,2024-11-06T21:35:24Z,SELL,XRP,4849.55,0.68,7.23403509,Partial exit
USR-210,2024-11-07T11:02:49Z,BUY,ADA,3295.96,0.86,4.16908873,Market order
USR-505,2024-11-07T12:35:30Z,BUY,ETH,8.6771,3265.36,0.00418853,Limit order filled
USR-075,2024-11-08T03:47:39Z,BUY,XRP,172.29,0.61,0.20307685,Limit order filled
USR-142,2024-11-08T04:57:50Z,BUY,LINK,5.4126,12.72,0.00277099,
USR-362,2024-11-08T07:22:01Z,BUY,UNI,6.5824,11.25,0.00895112,Limit order filled
USR-159,2024-11-08T15:38:22Z,BUY,SOL,48.9657,169.18,0.06071095,Dip buy
USR-504,2024-11-08T20:26:37Z,SWAP,ADA,1472.41,0.42,2.20083887,1inch aggregator
USR-520,2024-11-09T07:59:17Z,SWAP,ADA,3019.12,0.79,1.62662475,1inch aggregator
USR-379,2024-11-09T19:45:06Z,SWAP,BTC,0.84496,63072.38,0.00056419,Uniswap trade
USR-183,2024-11-10T00:08:38Z,SELL,XRP,442.09,0.64,0.3639524,Stop triggered
USR-489,2024-11-10T17:54:55Z,SELL,XRP,3327.36,0.6,1.55165239,Full exit
USR-365,2024-11-12T00:51:11Z,BUY,ETH,0.9452,2899.46,0.00141245,Dip buy
USR-042,2024-11-13T12:09:29Z,TRANSFER_IN,AVAX,47.5227,,0.02892609,Received from exchange
USR-190,2024-11-13T18:19:43Z,TRANSFER_OUT,ETH,2.7322,,0.00369934,Moved to cold storage
USR-205,2024-11-14T11:05:48Z,SELL,UNI,12.0154,11.77,0.01227499,Stop triggered
USR-211,2024-11-15T14:50:32Z,TRANSFER_IN,MATIC,2812.2,,3.97516113,Incoming from hardware wallet
USR-046,2024-11-16T14:24:05Z,BUY,ADA,978.34,0.87,0.63597489,Market order
USR-040,2024-11-17T03:01:39Z,TRANSFER_OUT,BTC,1.03143,,0.00090764,Sent to hardware wallet
USR-182,2024-11-18T02:29:52Z,BUY,LINK,21.9116,14.5,0.02412277,Market order
USR-078,2024-11-18T05:29:50Z,BUY,ADA,4331.51,0.61,1.06337502,Limit order filled
USR-293,2024-11-20T04:48:54Z,SELL,UNI,30.8381,6.23,0.0106663,Full exit
USR-378,2024-11-20T08:46:34Z,BUY,DOT,3.2433,9.24,0.00172162,Limit order filled
USR-450,2024-11-20T11:53:52Z,BUY,DOT,14.5442,8.94,0.01820816,Dip buy
USR-475,2024-11-20T13:21:38Z,TRANSFER_OUT,SOL,22.0393,,0.03175526,Sent to hardware wallet
USR-089,2024-11-20T13:25:07Z,TRANSFER_IN,LINK,7.2085,,0.00257769,Portfolio consolidation
USR-047,2024-11-21T14:45:03Z,TRANSFER_OUT,MATIC,583.44,,0.39689001,Sent to exchange
USR-059,2024-11-22T08:36:20Z,TRANSFER_OUT,SOL,49.1783,,0.05196899,Sent to hardware wallet
USR-332,2024-11-22T14:01:10Z,SELL,SOL,23.7961,104.47,0.01519222,Full exit
USR-095,2024-11-22T15:23:35Z,BUY,ADA,3939.02,0.76,3.92788818,Dip buy
USR-503,2024-11-22T17:54:49Z,BUY,XRP,1848.5,0.58,1.47091133,
USR-429,2024-11-23T08:09:00Z,TRANSFER_IN,MATIC,2456.43,,2.53552087,Portfolio consolidation
USR-284,2024-11-23T21:12:55Z,BUY,XRP,1647.97,0.72,2.05727736,Market order
USR-287,2024-11-25T15:02:59Z,SELL,UNI,46.7012,13.89,0.02344691,Stop triggered
USR-098,2024-11-26T07:43:38Z,SELL,XRP,3681.05,0.64,4.11686981,
USR-204,2024-11-29T03:13:40Z,SELL,BTC,1.26539,63477.05,0.00169069,Stop triggered
USR-253,2024-12-01T08:53:59Z,SELL,SOL,10.4172,98.01,0.00893687,Partial exit
USR-175,2024-12-02T00:18:40Z,SELL,SOL,1.5257,166.26,0.0019903,Full exit
USR-262,2024-12-03T03:13:41Z,BUY,ADA,3800.99,0.43,5.31357302,Market order
USR-167,2024-12-03T13:44:52Z,TRANSFER_OUT,ETH,4.305,,0.00423783,Sent to hardware wallet
USR-498,2024-12-03T20:06:26Z,SELL,ADA,1275.69,0.72,1.18581041,
USR-227,2024-12-04T03:59:52Z,BUY,MATIC,1772.25,1.01,1.21067785,
USR-427,2024-12-04T22:42:22Z,BUY,AVAX,36.9117,25.54,0.01346114,
USR-149,2024-12-05T07:32:58Z,REFERRAL_BONUS,ADA,2520.05,,0.95644253,Referral reward
USR-057,2024-12-07T03:40:50Z,REFERRAL_BONUS,DOT,33.7447,,0.04560301,Friend signup bonus
USR-271,2024-12-09T02:56:51Z,SELL,MATIC,2281.88,0.69,2.11402871,Partial exit
USR-491,2024-12-09T23:00:13Z,SELL,DOT,22.1836,6.22,0.00771139,Full exit
USR-376,2024-12-10T03:47:38Z,BUY,DOT,44.8334,9.78,0.027033,
USR-417,2024-12-11T05:33:14Z,BUY,ETH,5.0421,3878.04,0.0041377,Dip buy
USR-220,2024-12-12T03:25:34Z,REFERRAL_BONUS,BTC,2.45741,,0.00229539,Referral reward
USR-097,2024-12-12T12:29:25Z,SELL,SOL,32.313,90.66,0.01592586,Partial exit
USR-100,2024-12-12T13:48:00Z,BUY,LINK,23.658,19.75,0.01448215,Monthly DCA
USR-144,2024-12-14T13:12:27Z,SELL,ADA,3799.49,0.88,2.82069503,Take profit
USR-517,2024-12-14T15:31:56Z,SELL,BTC,0.78545,49535.33,0.00014846,Take profit
USR-121,2024-12-16T16:06:26Z,SWAP,LINK,25.2161,13.18,0.01954594,Uniswap trade
USR-245,2024-12-17T09:41:53Z,BUY,DOT,11.6353,8.28,0.01707197,
USR-088,2024-12-18T02:03:54Z,SELL,ETH,11.227,3826.38,0.00652729,Take profit
USR-202,2024-12-21T12:30:55Z,BUY,MATIC,1652.22,0.83,2.17221754,Limit order filled
USR-221,2024-12-23T07:44:43Z,BUY,XRP,4922.75,0.51,2.66255078,Dip buy
USR-049,2024-12-25T08:45:39Z,REFERRAL_BONUS,BTC,0.12238,,0.00017249,Friend signup bonus
USR-388,2024-12-25T20:55:16Z,BUY,DOT,8.4857,8.22,0.00280884,Monthly DCA
USR-337,2024-12-26T05:12:23Z,SELL,BTC,2.11716,47576.0,0.00169885,Take profit
USR-295,2024-12-26T16:37:45Z,TRANSFER_IN,LINK,44.8068,,0.03349121,Incoming from hardware wallet
USR-083,2024-12-26T19:01:55Z,TRANSFER_OUT,UNI,2.3713,,0.00305317,Moved to cold storage
USR-283,2024-12-28T03:01:16Z,TRANSFER_OUT,SOL,48.318,,0.0555207,Moved to cold storage
USR-369,2024-12-28T16:11:59Z,BUY,AVAX,1.0364,37.44,0.00105092,
USR-509,2024-12-30T16:45:13Z,TRANSFER_OUT,SOL,28.8845,,0.0114999,Sent to exchange
USR-360,2024-12-30T20:30:17Z,BUY,XRP,1296.89,0.46,1.25429509,
